{"stats":{"minecraft:picked_up":{"minecraft:dirt":1},"minecraft:used":{"minecraft:diamond_chestplate":1,"minecraft:stone":30,"minecraft:end_crystal":84,"minecraft:totem_of_undying":6,"minecraft:crafting_table":1,"minecraft:obsidian":2},"minecraft:custom":{"minecraft:jump":42,"minecraft:time_since_rest":5827,"minecraft:damage_absorbed":110,"minecraft:sprint_one_cm":2369,"minecraft:leave_game":2,"minecraft:play_time":5827,"minecraft:damage_taken":1670,"minecraft:time_since_death":5827,"minecraft:walk_one_cm":7733,"minecraft:total_world_time":7640,"minecraft:fall_one_cm":11925,"minecraft:interact_with_crafting_table":1,"minecraft:fly_one_cm":5596},"minecraft:mined":{"minecraft:dirt":1}},"DataVersion":2975}